CREATE DATABASE  IF NOT EXISTS `carport` /*!40100 DEFAULT CHARACTER SET utf8mb4 COLLATE utf8mb4_0900_ai_ci */ /*!80016 DEFAULT ENCRYPTION='N' */;
USE `carport`;
-- MySQL dump 10.13  Distrib 8.0.31, for Win64 (x86_64)
--
-- Host: 127.0.0.1    Database: carport
-- ------------------------------------------------------
-- Server version	8.0.31

/*!40101 SET @OLD_CHARACTER_SET_CLIENT=@@CHARACTER_SET_CLIENT */;
/*!40101 SET @OLD_CHARACTER_SET_RESULTS=@@CHARACTER_SET_RESULTS */;
/*!40101 SET @OLD_COLLATION_CONNECTION=@@COLLATION_CONNECTION */;
/*!50503 SET NAMES utf8 */;
/*!40103 SET @OLD_TIME_ZONE=@@TIME_ZONE */;
/*!40103 SET TIME_ZONE='+00:00' */;
/*!40014 SET @OLD_UNIQUE_CHECKS=@@UNIQUE_CHECKS, UNIQUE_CHECKS=0 */;
/*!40014 SET @OLD_FOREIGN_KEY_CHECKS=@@FOREIGN_KEY_CHECKS, FOREIGN_KEY_CHECKS=0 */;
/*!40101 SET @OLD_SQL_MODE=@@SQL_MODE, SQL_MODE='NO_AUTO_VALUE_ON_ZERO' */;
/*!40111 SET @OLD_SQL_NOTES=@@SQL_NOTES, SQL_NOTES=0 */;

--
-- Table structure for table `billing_address`
--

DROP TABLE IF EXISTS `billing_address`;
/*!40101 SET @saved_cs_client     = @@character_set_client */;
/*!50503 SET character_set_client = utf8mb4 */;
CREATE TABLE `billing_address` (
  `id` int NOT NULL AUTO_INCREMENT,
  `user_id` int NOT NULL,
  `address` varchar(100) NOT NULL,
  `city` varchar(100) NOT NULL,
  `zipcode` int NOT NULL,
  PRIMARY KEY (`id`),
  KEY `fk_billing_adress_user1_idx` (`user_id`),
  CONSTRAINT `fk_billing_adress_user1` FOREIGN KEY (`user_id`) REFERENCES `user` (`user_id`)
) ENGINE=InnoDB DEFAULT CHARSET=utf8mb4 COLLATE=utf8mb4_0900_ai_ci;
/*!40101 SET character_set_client = @saved_cs_client */;

--
-- Dumping data for table `billing_address`
--

LOCK TABLES `billing_address` WRITE;
/*!40000 ALTER TABLE `billing_address` DISABLE KEYS */;
/*!40000 ALTER TABLE `billing_address` ENABLE KEYS */;
UNLOCK TABLES;

--
-- Table structure for table `itemlist`
--

DROP TABLE IF EXISTS `itemlist`;
/*!40101 SET @saved_cs_client     = @@character_set_client */;
/*!50503 SET character_set_client = utf8mb4 */;
CREATE TABLE `itemlist` (
  `id` int NOT NULL AUTO_INCREMENT,
  `order_id` int NOT NULL,
  `product_variant_id` int NOT NULL,
  PRIMARY KEY (`id`),
  KEY `fk_itemlist_order1_idx` (`order_id`),
  KEY `fk_itemlist_product_variant1_idx` (`product_variant_id`),
  CONSTRAINT `fk_itemlist_order1` FOREIGN KEY (`order_id`) REFERENCES `orders` (`id`),
  CONSTRAINT `fk_itemlist_product_variant1` FOREIGN KEY (`product_variant_id`) REFERENCES `product_variant` (`id`)
) ENGINE=InnoDB AUTO_INCREMENT=1161 DEFAULT CHARSET=utf8mb4 COLLATE=utf8mb4_0900_ai_ci;
/*!40101 SET character_set_client = @saved_cs_client */;

--
-- Dumping data for table `itemlist`
--

LOCK TABLES `itemlist` WRITE;
/*!40000 ALTER TABLE `itemlist` DISABLE KEYS */;
INSERT INTO `itemlist` VALUES (70,12,1),(71,12,1),(72,12,1),(73,12,1),(74,12,3),(75,12,3),(76,12,3),(77,12,15),(78,12,15),(79,12,15),(80,12,15),(81,12,15),(82,12,15),(83,12,15),(84,12,15),(85,12,17),(86,12,17),(87,12,17),(88,12,17),(89,12,17),(90,12,17),(91,12,17),(92,12,17),(93,12,13),(94,12,11),(95,12,18),(96,12,11),(97,12,18),(98,12,11),(99,12,18),(100,12,11),(101,12,18),(102,12,11),(103,12,18),(104,12,21),(105,12,20),(106,12,14),(107,12,19),(108,12,14),(109,12,19),(110,12,14),(111,12,19),(112,12,14),(113,12,19),(114,12,14),(115,12,19),(116,12,14),(117,12,19),(118,12,14),(119,12,19),(120,12,14),(121,12,19),(122,12,7),(123,12,7),(124,12,7),(125,12,7),(126,12,9),(127,12,9),(128,12,10),(129,12,10),(130,12,10),(131,12,10),(132,12,10),(133,15,1),(134,15,1),(135,15,1),(136,15,1),(137,15,1),(138,15,3),(139,15,3),(140,15,3),(141,15,15),(142,15,15),(143,15,15),(144,15,15),(145,15,15),(146,15,15),(147,15,15),(148,15,15),(149,15,15),(150,15,15),(151,15,17),(152,15,17),(153,15,17),(154,15,17),(155,15,17),(156,15,17),(157,15,17),(158,15,17),(159,15,17),(160,15,17),(161,15,13),(162,15,11),(163,15,18),(164,15,11),(165,15,18),(166,15,11),(167,15,18),(168,15,11),(169,15,18),(170,15,11),(171,15,18),(172,15,21),(173,15,20),(174,15,14),(175,15,19),(176,15,14),(177,15,19),(178,15,14),(179,15,19),(180,15,14),(181,15,19),(182,15,14),(183,15,19),(184,15,14),(185,15,19),(186,15,14),(187,15,19),(188,15,14),(189,15,19),(190,15,7),(191,15,7),(192,15,7),(193,15,7),(194,15,9),(195,15,9),(196,15,10),(197,15,10),(198,15,10),(199,15,10),(200,15,10),(201,17,1),(202,17,1),(203,17,1),(204,17,1),(205,17,3),(206,17,3),(207,17,3),(208,17,15),(209,17,15),(210,17,15),(211,17,15),(212,17,15),(213,17,15),(214,17,15),(215,17,15),(216,17,17),(217,17,17),(218,17,17),(219,17,17),(220,17,17),(221,17,17),(222,17,17),(223,17,17),(224,17,13),(225,17,11),(226,17,18),(227,17,11),(228,17,18),(229,17,11),(230,17,18),(231,17,11),(232,17,18),(233,17,11),(234,17,18),(235,17,11),(236,17,18),(237,17,21),(238,17,20),(239,17,14),(240,17,19),(241,17,14),(242,17,19),(243,17,14),(244,17,19),(245,17,14),(246,17,19),(247,17,14),(248,17,19),(249,17,14),(250,17,19),(251,17,14),(252,17,19),(253,17,14),(254,17,19),(255,17,7),(256,17,7),(257,17,7),(258,17,7),(259,17,9),(260,17,9),(261,17,10),(262,17,10),(263,17,10),(264,17,10),(265,17,10),(266,17,10),(267,19,1),(268,19,1),(269,19,1),(270,19,1),(271,19,3),(272,19,3),(273,19,3),(274,19,15),(275,19,15),(276,19,15),(277,19,15),(278,19,15),(279,19,15),(280,19,15),(281,19,15),(282,19,17),(283,19,17),(284,19,17),(285,19,17),(286,19,17),(287,19,17),(288,19,17),(289,19,17),(290,19,13),(291,19,11),(292,19,18),(293,19,11),(294,19,18),(295,19,11),(296,19,18),(297,19,11),(298,19,18),(299,19,20),(300,19,14),(301,19,19),(302,19,14),(303,19,19),(304,19,14),(305,19,19),(306,19,14),(307,19,19),(308,19,14),(309,19,19),(310,19,14),(311,19,19),(312,19,14),(313,19,19),(314,19,14),(315,19,19),(316,19,7),(317,19,7),(318,19,7),(319,19,7),(320,19,9),(321,19,9),(322,19,10),(323,19,10),(324,19,10),(325,19,10),(326,21,1),(327,21,1),(328,21,1),(329,21,1),(330,21,1),(331,21,3),(332,21,3),(333,21,3),(334,21,16),(335,21,16),(336,21,16),(337,21,16),(338,21,16),(339,21,17),(340,21,17),(341,21,17),(342,21,17),(343,21,17),(344,21,17),(345,21,17),(346,21,17),(347,21,17),(348,21,17),(349,21,13),(350,21,11),(351,21,18),(352,21,11),(353,21,18),(354,21,11),(355,21,18),(356,21,11),(357,21,18),(358,21,11),(359,21,18),(360,21,11),(361,21,18),(362,21,11),(363,21,18),(364,21,21),(365,21,20),(366,21,14),(367,21,19),(368,21,14),(369,21,19),(370,21,14),(371,21,19),(372,21,14),(373,21,19),(374,21,14),(375,21,19),(376,21,14),(377,21,19),(378,21,14),(379,21,19),(380,21,14),(381,21,19),(382,21,7),(383,21,7),(384,21,7),(385,21,7),(386,21,9),(387,21,9),(388,21,10),(389,21,10),(390,21,10),(391,21,10),(392,21,10),(393,21,10),(394,21,10),(395,23,1),(396,23,1),(397,23,1),(398,23,1),(399,23,1),(400,23,3),(401,23,3),(402,23,3),(403,23,15),(404,23,15),(405,23,15),(406,23,15),(407,23,15),(408,23,15),(409,23,15),(410,23,15),(411,23,15),(412,23,15),(413,23,17),(414,23,17),(415,23,17),(416,23,17),(417,23,17),(418,23,17),(419,23,17),(420,23,17),(421,23,17),(422,23,17),(423,23,13),(424,23,11),(425,23,18),(426,23,11),(427,23,18),(428,23,11),(429,23,18),(430,23,11),(431,23,18),(432,23,11),(433,23,18),(434,23,21),(435,23,14),(436,23,19),(437,23,14),(438,23,19),(439,23,14),(440,23,19),(441,23,14),(442,23,19),(443,23,14),(444,23,19),(445,23,14),(446,23,19),(447,23,14),(448,23,19),(449,23,14),(450,23,19),(451,23,7),(452,23,7),(453,23,7),(454,23,7),(455,23,9),(456,23,9),(457,23,10),(458,23,10),(459,23,10),(460,23,10),(461,23,10),(462,25,1),(463,25,1),(464,25,1),(465,25,1),(466,25,1),(467,25,1),(468,25,5),(469,25,5),(470,25,5),(471,25,5),(472,25,16),(473,25,16),(474,25,16),(475,25,16),(476,25,16),(477,25,17),(478,25,17),(479,25,17),(480,25,17),(481,25,17),(482,25,17),(483,25,17),(484,25,17),(485,25,17),(486,25,17),(487,25,13),(488,25,11),(489,25,18),(490,25,11),(491,25,18),(492,25,11),(493,25,18),(494,25,11),(495,25,18),(496,25,11),(497,25,18),(498,25,11),(499,25,18),(500,25,11),(501,25,18),(502,25,11),(503,25,18),(504,25,21),(505,25,20),(506,25,14),(507,25,19),(508,25,14),(509,25,19),(510,25,14),(511,25,19),(512,25,14),(513,25,19),(514,25,14),(515,25,19),(516,25,14),(517,25,19),(518,25,14),(519,25,19),(520,25,14),(521,25,19),(522,25,14),(523,25,19),(524,25,14),(525,25,19),(526,25,14),(527,25,19),(528,25,14),(529,25,19),(530,25,7),(531,25,7),(532,25,7),(533,25,7),(534,25,7),(535,25,7),(536,25,9),(537,25,9),(538,25,10),(539,25,10),(540,25,10),(541,25,10),(542,25,10),(543,25,10),(544,25,10),(545,25,10),(546,27,1),(547,27,1),(548,27,5),(549,27,5),(550,27,5),(551,27,15),(552,27,15),(553,27,15),(554,27,15),(555,27,15),(556,27,15),(557,27,15),(558,27,15),(559,27,17),(560,27,17),(561,27,17),(562,27,17),(563,27,17),(564,27,17),(565,27,17),(566,27,17),(567,27,13),(568,27,11),(569,27,18),(570,27,11),(571,27,18),(572,27,11),(573,27,18),(574,27,11),(575,27,18),(576,27,11),(577,27,18),(578,27,21),(579,27,20),(580,27,14),(581,27,19),(582,27,14),(583,27,19),(584,27,14),(585,27,19),(586,27,14),(587,27,19),(588,27,14),(589,27,19),(590,27,14),(591,27,19),(592,27,14),(593,27,19),(594,27,14),(595,27,19),(596,27,7),(597,27,7),(598,27,7),(599,27,7),(600,27,9),(601,27,9),(602,27,10),(603,27,10),(604,27,10),(605,27,10),(606,27,10),(607,29,1),(608,29,1),(609,29,1),(610,29,1),(611,29,5),(612,29,5),(613,29,5),(614,29,5),(615,29,5),(616,29,5),(617,29,15),(618,29,15),(619,29,15),(620,29,15),(621,29,15),(622,29,15),(623,29,15),(624,29,15),(625,29,15),(626,29,15),(627,29,15),(628,29,15),(629,29,15),(630,29,15),(631,29,15),(632,29,17),(633,29,17),(634,29,17),(635,29,17),(636,29,17),(637,29,17),(638,29,17),(639,29,17),(640,29,17),(641,29,17),(642,29,17),(643,29,17),(644,29,17),(645,29,17),(646,29,17),(647,29,13),(648,29,11),(649,29,18),(650,29,11),(651,29,18),(652,29,11),(653,29,18),(654,29,11),(655,29,18),(656,29,11),(657,29,18),(658,29,11),(659,29,18),(660,29,11),(661,29,18),(662,29,11),(663,29,18),(664,29,11),(665,29,18),(666,29,21),(667,29,20),(668,29,14),(669,29,19),(670,29,14),(671,29,19),(672,29,14),(673,29,19),(674,29,14),(675,29,19),(676,29,14),(677,29,19),(678,29,14),(679,29,19),(680,29,14),(681,29,19),(682,29,14),(683,29,19),(684,29,14),(685,29,19),(686,29,14),(687,29,19),(688,29,14),(689,29,19),(690,29,14),(691,29,19),(692,29,14),(693,29,19),(694,29,14),(695,29,19),(696,29,14),(697,29,19),(698,29,14),(699,29,19),(700,29,7),(701,29,7),(702,29,7),(703,29,7),(704,29,9),(705,29,9),(706,29,9),(707,29,9),(708,29,10),(709,29,10),(710,29,10),(711,29,10),(712,29,10),(713,29,10),(714,29,10),(715,29,10),(716,29,10),(717,31,1),(718,31,1),(719,31,1),(720,31,5),(721,31,5),(722,31,5),(723,31,15),(724,31,15),(725,31,15),(726,31,15),(727,31,15),(728,31,15),(729,31,15),(730,31,15),(731,31,17),(732,31,17),(733,31,17),(734,31,17),(735,31,17),(736,31,17),(737,31,17),(738,31,17),(739,31,13),(740,31,11),(741,31,18),(742,31,11),(743,31,18),(744,31,11),(745,31,18),(746,31,11),(747,31,18),(748,31,11),(749,31,18),(750,31,21),(751,31,20),(752,31,14),(753,31,19),(754,31,14),(755,31,19),(756,31,14),(757,31,19),(758,31,14),(759,31,19),(760,31,14),(761,31,19),(762,31,14),(763,31,19),(764,31,14),(765,31,19),(766,31,14),(767,31,19),(768,31,7),(769,31,7),(770,31,7),(771,31,7),(772,31,9),(773,31,9),(774,31,10),(775,31,10),(776,31,10),(777,31,10),(778,31,10),(779,33,1),(780,33,1),(781,33,1),(782,33,1),(783,33,5),(784,33,5),(785,33,5),(786,33,15),(787,33,15),(788,33,15),(789,33,15),(790,33,15),(791,33,15),(792,33,15),(793,33,15),(794,33,17),(795,33,17),(796,33,13),(797,33,11),(798,33,18),(799,33,11),(800,33,18),(801,33,11),(802,33,18),(803,33,11),(804,33,18),(805,33,11),(806,33,18),(807,33,11),(808,33,18),(809,33,21),(810,33,20),(811,33,14),(812,33,19),(813,33,14),(814,33,19),(815,33,14),(816,33,19),(817,33,14),(818,33,19),(819,33,14),(820,33,19),(821,33,14),(822,33,19),(823,33,14),(824,33,19),(825,33,14),(826,33,19),(827,33,7),(828,33,7),(829,33,7),(830,33,7),(831,33,9),(832,33,9),(833,33,10),(834,33,10),(835,33,10),(836,33,10),(837,33,10),(838,33,10),(839,34,1),(840,34,1),(841,34,1),(842,34,1),(843,34,5),(844,34,5),(845,34,5),(846,34,5),(847,34,15),(848,34,15),(849,34,15),(850,34,15),(851,34,15),(852,34,15),(853,34,15),(854,34,15),(855,34,15),(856,34,15),(857,34,15),(858,34,15),(859,34,17),(860,34,17),(861,34,17),(862,34,13),(863,34,11),(864,34,18),(865,34,11),(866,34,18),(867,34,11),(868,34,18),(869,34,11),(870,34,18),(871,34,11),(872,34,18),(873,34,11),(874,34,18),(875,34,11),(876,34,18),(877,34,11),(878,34,18),(879,34,11),(880,34,18),(881,34,21),(882,34,20),(883,34,14),(884,34,19),(885,34,14),(886,34,19),(887,34,14),(888,34,19),(889,34,14),(890,34,19),(891,34,14),(892,34,19),(893,34,14),(894,34,19),(895,34,14),(896,34,19),(897,34,14),(898,34,19),(899,34,1),(900,34,14),(901,34,1),(902,34,19),(903,34,1),(904,34,14),(905,34,1),(906,34,19),(907,34,5),(908,34,14),(909,34,5),(910,34,19),(911,34,5),(912,34,14),(913,34,5),(914,34,19),(915,34,15),(916,34,14),(917,34,15),(918,34,19),(919,34,15),(920,34,14),(921,34,15),(922,34,19),(923,34,15),(924,34,14),(925,34,15),(926,34,19),(927,34,15),(928,34,14),(929,34,15),(930,34,19),(931,34,15),(932,34,7),(933,34,15),(934,34,7),(935,34,15),(936,34,7),(937,34,15),(938,34,7),(939,34,17),(940,34,9),(941,34,17),(942,34,9),(943,34,17),(944,34,9),(945,34,13),(946,34,9),(947,34,11),(948,34,10),(949,34,18),(950,34,10),(951,34,11),(952,34,10),(953,34,18),(954,34,10),(955,34,11),(956,34,10),(957,34,18),(958,34,10),(959,34,11),(960,34,10),(961,34,18),(962,34,10),(963,34,11),(964,34,10),(965,34,18),(966,34,11),(967,34,18),(968,34,11),(969,34,18),(970,34,11),(971,34,18),(972,34,11),(973,34,18),(974,34,21),(975,34,20),(976,34,14),(977,34,19),(978,34,14),(979,34,19),(980,34,14),(981,34,19),(982,34,14),(983,34,19),(984,34,14),(985,34,19),(986,34,14),(987,34,19),(988,34,14),(989,34,19),(990,34,14),(991,34,19),(992,34,14),(993,34,19),(994,34,14),(995,34,19),(996,34,14),(997,34,19),(998,34,14),(999,34,19),(1000,34,14),(1001,34,19),(1002,34,14),(1003,34,19),(1004,34,14),(1005,34,19),(1006,34,14),(1007,34,19),(1008,34,7),(1009,34,7),(1010,34,7),(1011,34,7),(1012,34,9),(1013,34,9),(1014,34,9),(1015,34,9),(1016,34,10),(1017,34,10),(1018,34,10),(1019,34,10),(1020,34,10),(1021,34,10),(1022,34,10),(1023,34,10),(1024,34,10),(1025,34,1),(1026,34,1),(1027,34,1),(1028,34,1),(1029,34,5),(1030,34,5),(1031,34,5),(1032,34,5),(1033,34,15),(1034,34,15),(1035,34,15),(1036,34,15),(1037,34,15),(1038,34,15),(1039,34,15),(1040,34,15),(1041,34,15),(1042,34,15),(1043,34,15),(1044,34,15),(1045,34,17),(1046,34,17),(1047,34,17),(1048,34,13),(1049,34,11),(1050,34,18),(1051,34,11),(1052,34,18),(1053,34,11),(1054,34,18),(1055,34,11),(1056,34,18),(1057,34,11),(1058,34,18),(1059,34,11),(1060,34,18),(1061,34,11),(1062,34,18),(1063,34,11),(1064,34,18),(1065,34,11),(1066,34,18),(1067,34,21),(1068,34,20),(1069,34,14),(1070,34,19),(1071,34,14),(1072,34,19),(1073,34,14),(1074,34,19),(1075,34,14),(1076,34,19),(1077,34,14),(1078,34,19),(1079,34,14),(1080,34,19),(1081,34,14),(1082,34,19),(1083,34,14),(1084,34,19),(1085,34,14),(1086,34,19),(1087,34,14),(1088,34,19),(1089,34,14),(1090,34,19),(1091,34,14),(1092,34,19),(1093,34,14),(1094,34,19),(1095,34,14),(1096,34,19),(1097,34,14),(1098,34,19),(1099,34,14),(1100,34,19),(1101,34,7),(1102,34,7),(1103,34,7),(1104,34,7),(1105,34,9),(1106,34,9),(1107,34,9),(1108,34,9),(1109,34,10),(1110,34,10),(1111,34,10),(1112,34,10),(1113,34,10),(1114,34,10),(1115,34,10),(1116,34,10),(1117,34,10),(1118,35,1),(1119,35,1),(1120,35,1),(1121,35,5),(1122,35,5),(1123,35,5),(1124,35,15),(1125,35,15),(1126,35,15),(1127,35,15),(1128,35,15),(1129,35,15),(1130,35,17),(1131,35,13),(1132,35,11),(1133,35,18),(1134,35,11),(1135,35,18),(1136,35,20),(1137,35,14),(1138,35,19),(1139,35,14),(1140,35,19),(1141,35,14),(1142,35,19),(1143,35,14),(1144,35,19),(1145,35,14),(1146,35,19),(1147,35,14),(1148,35,19),(1149,35,14),(1150,35,19),(1151,35,14),(1152,35,19),(1153,35,7),(1154,35,7),(1155,35,7),(1156,35,7),(1157,35,9),(1158,35,9),(1159,35,10),(1160,35,10);
/*!40000 ALTER TABLE `itemlist` ENABLE KEYS */;
UNLOCK TABLES;

--
-- Table structure for table `orders`
--

DROP TABLE IF EXISTS `orders`;
/*!40101 SET @saved_cs_client     = @@character_set_client */;
/*!50503 SET character_set_client = utf8mb4 */;
CREATE TABLE `orders` (
  `id` int NOT NULL AUTO_INCREMENT,
  `user_id` int NOT NULL,
  `timestamp` timestamp NOT NULL DEFAULT CURRENT_TIMESTAMP,
  `price` float NOT NULL,
  `length` int NOT NULL,
  `width` int NOT NULL,
  PRIMARY KEY (`id`),
  KEY `fk_order_user1_idx` (`user_id`),
  CONSTRAINT `fk_order_user1` FOREIGN KEY (`user_id`) REFERENCES `user` (`user_id`)
) ENGINE=InnoDB AUTO_INCREMENT=36 DEFAULT CHARSET=utf8mb4 COLLATE=utf8mb4_0900_ai_ci;
/*!40101 SET character_set_client = @saved_cs_client */;

--
-- Dumping data for table `orders`
--

LOCK TABLES `orders` WRITE;
/*!40000 ALTER TABLE `orders` DISABLE KEYS */;
INSERT INTO `orders` VALUES (12,1,'2023-05-17 07:41:44',10296,330,390),(13,1,'2023-05-17 07:46:44',10800,300,450),(14,1,'2023-05-17 07:47:20',14976,480,390),(15,1,'2023-05-17 07:47:36',14976,480,390),(16,1,'2023-05-17 07:48:10',11880,330,450),(17,1,'2023-05-17 07:48:35',11880,330,450),(18,1,'2023-05-17 07:49:50',8712,330,330),(19,1,'2023-05-17 07:49:52',8712,330,330),(20,1,'2023-05-17 07:52:31',19440,450,540),(21,1,'2023-05-17 07:52:33',19440,450,540),(22,1,'2023-05-17 08:01:25',15120,450,420),(23,1,'2023-05-17 08:02:41',15120,450,420),(24,1,'2023-05-17 08:12:39',25920,540,600),(25,1,'2023-05-17 08:12:41',25920,540,600),(26,1,'2023-05-17 08:20:53',10296,330,390),(27,1,'2023-05-17 08:21:07',10296,330,390),(28,1,'2023-05-17 08:23:01',25344,480,660),(29,1,'2023-05-17 08:23:03',25344,480,660),(30,1,'2023-05-17 08:26:46',10296,330,390),(31,1,'2023-05-17 08:26:48',10296,330,390),(32,1,'2023-05-17 08:34:48',16128,420,480),(33,1,'2023-05-17 08:34:49',16128,420,480),(34,1,'2023-05-17 09:07:48',22176,420,660),(35,1,'2023-05-17 09:10:26',5760,240,300);
/*!40000 ALTER TABLE `orders` ENABLE KEYS */;
UNLOCK TABLES;

--
-- Table structure for table `product`
--

DROP TABLE IF EXISTS `product`;
/*!40101 SET @saved_cs_client     = @@character_set_client */;
/*!50503 SET character_set_client = utf8mb4 */;
CREATE TABLE `product` (
  `id` int NOT NULL AUTO_INCREMENT,
  `name` varchar(100) NOT NULL,
  `description` varchar(100) NOT NULL,
  `unit` varchar(100) NOT NULL,
  `price_pr_unit` float NOT NULL,
  `type` varchar(100) NOT NULL,
  PRIMARY KEY (`id`),
  KEY `fk_product_product_type1_idx` (`type`),
  KEY `fk_product_unit1_idx` (`unit`),
  CONSTRAINT `fk_product_product_type1` FOREIGN KEY (`type`) REFERENCES `product_type` (`type`),
  CONSTRAINT `fk_product_unit1` FOREIGN KEY (`unit`) REFERENCES `unit` (`unit`)
) ENGINE=InnoDB AUTO_INCREMENT=18 DEFAULT CHARSET=utf8mb4 COLLATE=utf8mb4_0900_ai_ci;
/*!40101 SET character_set_client = @saved_cs_client */;

--
-- Dumping data for table `product`
--

LOCK TABLES `product` WRITE;
/*!40000 ALTER TABLE `product` DISABLE KEYS */;
INSERT INTO `product` VALUES (1,'stern','Sternbrædder til forenden og bagi','cm',0.37,'wood'),(2,'stern','Sternbrædder til bagi','cm',0.37,'wood'),(3,'stern','Sternbrædder til siderne','cm',0.37,'wood'),(4,'stolpe','Stolper nedgraves 90 cm. i jord','cm',0.58,'wood'),(5,'rem','Remme i sider, sadles ned i stolper','cm',0.37,'wood'),(6,'spær','Spær, monteres på rem','cm',0.28,'wood'),(7,'beslag','Højre beslag til montering af spær på rem (Pr. stk)','pieces',49,'hardware'),(8,'skruer','Til montering af stern, vandbrædt & beklædning (200stk)','box',259,'hardware'),(9,'bræddebolt','Til montering af rem på stolper (Pr. stk)','box',15,'hardware'),(10,'Trapezplader Plastmo Ecolite','Tagplader monteres på spær','cm',0.57,'rooftile'),(11,'Plastmo bundskruer','Skruer til tagplader (200 stk.)','box',429,'hardware'),(12,'beslag','Venstre beslag til montering af spær på rem (Pr. stk)','pieces',49,'hardware'),(13,'firkantskiver','Til montering af rem på stolper','pieces',8.8,'hardware'),(14,'hulbånd','Til vindkryds på spær (10m)','pieces',349,'hardware'),(15,'beslagskruer','Til montering af universalbeslag + hulbånd (250 stk)','box',349,'hardware');
/*!40000 ALTER TABLE `product` ENABLE KEYS */;
UNLOCK TABLES;

--
-- Table structure for table `product_type`
--

DROP TABLE IF EXISTS `product_type`;
/*!40101 SET @saved_cs_client     = @@character_set_client */;
/*!50503 SET character_set_client = utf8mb4 */;
CREATE TABLE `product_type` (
  `type` varchar(100) NOT NULL,
  PRIMARY KEY (`type`)
) ENGINE=InnoDB DEFAULT CHARSET=utf8mb4 COLLATE=utf8mb4_0900_ai_ci;
/*!40101 SET character_set_client = @saved_cs_client */;

--
-- Dumping data for table `product_type`
--

LOCK TABLES `product_type` WRITE;
/*!40000 ALTER TABLE `product_type` DISABLE KEYS */;
INSERT INTO `product_type` VALUES ('hardware'),('rooftile'),('wood');
/*!40000 ALTER TABLE `product_type` ENABLE KEYS */;
UNLOCK TABLES;

--
-- Table structure for table `product_variant`
--

DROP TABLE IF EXISTS `product_variant`;
/*!40101 SET @saved_cs_client     = @@character_set_client */;
/*!50503 SET character_set_client = utf8mb4 */;
CREATE TABLE `product_variant` (
  `id` int NOT NULL AUTO_INCREMENT,
  `product_id` int NOT NULL,
  `height` float NOT NULL,
  `width` float NOT NULL,
  `length` varchar(45) NOT NULL,
  PRIMARY KEY (`id`),
  KEY `fk_product_variant_product_idx` (`product_id`),
  CONSTRAINT `fk_product_variant_product` FOREIGN KEY (`product_id`) REFERENCES `product` (`id`)
) ENGINE=InnoDB AUTO_INCREMENT=22 DEFAULT CHARSET=utf8mb4 COLLATE=utf8mb4_0900_ai_ci;
/*!40101 SET character_set_client = @saved_cs_client */;

--
-- Dumping data for table `product_variant`
--

LOCK TABLES `product_variant` WRITE;
/*!40000 ALTER TABLE `product_variant` DISABLE KEYS */;
INSERT INTO `product_variant` VALUES (1,1,12.5,2.5,'360'),(2,1,15,2.5,'360'),(3,2,12.5,2.5,'360'),(4,2,15,2.5,'360'),(5,3,12.5,2.5,'540'),(6,3,15,2.5,'540'),(7,4,9.7,9.7,'300'),(8,4,12.5,12.5,'300'),(9,5,4.5,14.5,'600'),(10,6,4.5,19.5,'600'),(11,7,19,0,'0'),(12,8,4.5,6,'0'),(13,8,4.5,7.5,'0'),(14,9,1,12,'0'),(15,10,0,109,'240'),(16,10,0,109,'600'),(17,11,0,0,'0'),(18,12,19,0,'0'),(19,13,10,40,'40'),(20,14,0.1,2,'1000'),(21,15,0,0.04,'0.5');
/*!40000 ALTER TABLE `product_variant` ENABLE KEYS */;
UNLOCK TABLES;

--
-- Table structure for table `unit`
--

DROP TABLE IF EXISTS `unit`;
/*!40101 SET @saved_cs_client     = @@character_set_client */;
/*!50503 SET character_set_client = utf8mb4 */;
CREATE TABLE `unit` (
  `unit` varchar(100) NOT NULL,
  PRIMARY KEY (`unit`)
) ENGINE=InnoDB DEFAULT CHARSET=utf8mb4 COLLATE=utf8mb4_0900_ai_ci;
/*!40101 SET character_set_client = @saved_cs_client */;

--
-- Dumping data for table `unit`
--

LOCK TABLES `unit` WRITE;
/*!40000 ALTER TABLE `unit` DISABLE KEYS */;
INSERT INTO `unit` VALUES ('box'),('cm'),('mm'),('pieces');
/*!40000 ALTER TABLE `unit` ENABLE KEYS */;
UNLOCK TABLES;

--
-- Table structure for table `user`
--

DROP TABLE IF EXISTS `user`;
/*!40101 SET @saved_cs_client     = @@character_set_client */;
/*!50503 SET character_set_client = utf8mb4 */;
CREATE TABLE `user` (
  `user_id` int NOT NULL AUTO_INCREMENT,
  `email` varchar(100) NOT NULL,
  `password` varchar(100) NOT NULL,
  `firstname` varchar(100) NOT NULL,
  `lastname` varchar(100) NOT NULL,
  `phonenumber` int NOT NULL,
  `role` varchar(10) NOT NULL DEFAULT 'user',
  PRIMARY KEY (`user_id`)
) ENGINE=InnoDB AUTO_INCREMENT=4 DEFAULT CHARSET=utf8mb4 COLLATE=utf8mb4_0900_ai_ci;
/*!40101 SET character_set_client = @saved_cs_client */;

--
-- Dumping data for table `user`
--

LOCK TABLES `user` WRITE;
/*!40000 ALTER TABLE `user` DISABLE KEYS */;
INSERT INTO `user` VALUES (1,'admin@mail.com','03AC674216F3E15C761EE1A5E255F067953623C8B388B4459E13F978D7C846F4','admin','admin',12345678,'admin');
/*!40000 ALTER TABLE `user` ENABLE KEYS */;
UNLOCK TABLES;
/*!40103 SET TIME_ZONE=@OLD_TIME_ZONE */;

/*!40101 SET SQL_MODE=@OLD_SQL_MODE */;
/*!40014 SET FOREIGN_KEY_CHECKS=@OLD_FOREIGN_KEY_CHECKS */;
/*!40014 SET UNIQUE_CHECKS=@OLD_UNIQUE_CHECKS */;
/*!40101 SET CHARACTER_SET_CLIENT=@OLD_CHARACTER_SET_CLIENT */;
/*!40101 SET CHARACTER_SET_RESULTS=@OLD_CHARACTER_SET_RESULTS */;
/*!40101 SET COLLATION_CONNECTION=@OLD_COLLATION_CONNECTION */;
/*!40111 SET SQL_NOTES=@OLD_SQL_NOTES */;

-- Dump completed on 2023-05-17 11:14:28
